erreur entraînement,erreur test,f1 test
0.6655112651646446,0.6519189765458422,0.27765616753107153
