erreur entraînement,erreur test,f1 test
0.0,0.0010660980810234255,0.9989323161070913
