k,erreur entraînement,erreur test,f1 test
17,0.2239701373150247,0.21321961620469088,0.8786810365048208
