C,erreur entraînement,erreur test,f1 test
1e-05,0.35768564191441143,0.3454157782515992,0.7912371134020618
