epochs,perte finale,erreur entraînement,erreur test
500,0.7795728445053101,0.22357019064124783,0.22547974413646055
