epochs,perte finale,erreur entraînement,erreur test
500,0.8112022876739502,0.22277029729369413,0.22867803837953093
