epochs,perte finale,erreur entraînement,erreur test
500,0.12182274460792542,0.03226236501799762,0.22654584221748397
