erreur entraînement,erreur test,f1 test
0.0,0.004264392324093813,0.9957173764269607
