epochs,perte finale,erreur entraînement,erreur test,f1 test
500,0.002668130910024047,0.0038661511798426806,0.11620469083155649,0.8888059995235059
