C,gamma,erreur entraînement,erreur test
100000.0,0.008150010489571083,0.026529796027196406,0.09701492537313428
