C,gamma,erreur entraînement,erreur test
10.0,5,0.00973203572856951,0.16417910447761197
